RA               , DEC                , PMra      , PMdec     , PMCorr , Vlos    , plx                  , Rgc   , Xgc                 , Ygc   , Zgc      , cosphi              , sinphi            , costheta            , sintheta             , ePMra    , ePMdec   , eVlos , eRgc  , Fullname   , Rsun  , cospsi
6.02333333333333 , -72.0812777777778  , 0.005237  , -0.002527 , -0.002 , -17.21  , 0.000222222222222222 , 7.4   , -6.1                , -2.6  , -3.1205  , -0.423003677841224  , 0.904816855650805 , -0.91992326464055   , -0.392098440666464   , 3.9e-05  , 3.9e-05  , 0.18  , 0.37  , NGC 104    , 4.5   , 0.165309005255255
13.1883333333333 , -26.5826111111111  , 0.00427   , -0.005637 , 0.018  , -44.83  , 0.000112359550561798 , 12    , -8.1                , 0     , -8.9205  , -0.738632908882704  , 0.672238939544933 , -1                  , 0                    , 5.4e-05  , 5.3e-05  , 0.13  , 0.6   , NGC 288    , 8.9   , 0.745363201076779
15.8091666666667 , -70.8487777777778  , 0.006725  , -0.002536 , -0.004 , 223.26  , 0.000116279069767442 , 9.4   , -4.9                , -5.1  , -6.2205  , -0.658254884729608  , 0.750886410859282 , -0.692826094197728  , -0.721104710287431   , 5.3e-05  , 5.3e-05  , 0.28  , 0.47  , NGC 362    , 8.6   , 0.608112195385948
30.7375          , -3.25277777777778  , -0.000234 , -0.001782 , -0.050 , -130.41 , 3.32225913621262e-05 , 34.5  , -21.9               , 4.7   , -26.3205 , -0.760971440458969  , 0.648089014358646 , -0.977737031624438  , 0.20983397482351     , 0.000115 , 9.4e-05  , 1.79  , 1.725 , Whiting 1  , 30.1  , 0.978506225504358
48.0675          , -55.2162222222222  , 0.001632  , -0.002037 , 0.009  , 71.36   , 6.13496932515337e-05 , 18.1  , -7.9                , -10   , -12.9205 , -0.710822759102686  , 0.702227766067566 , -0.61989867506062   , -0.784681867165342   , 5.8e-05  , 5.8e-05  , 0.24  , 0.905 , NGC 1261   , 16.3  , 0.897026708724536
53.3333333333333 , 79.5810555555556   , -0.000171 , 7e-05     , 0.003  , -75.41  , 9.00900900900901e-05 , 17.2  , -14.8               , 8.1   , 3.5795   , 0.208730616187166   , 0.978226105534879 , -0.877215145436055  , 0.480097478245409    , 7.4e-05  , 8.1e-05  , 0.21  , 0.86  , Pal 1      , 11.1  , 0.929838622852504
58.7595833333333 , -49.6152777777778  , 0.000397  , -0.000476 , -0.108 , 118     , 8.110300081103e-06   , 124.6 , -24.5               , -80.1 , -92.3205 , -0.740432529215931  , 0.671949486390442 , -0.292491498348337  , -0.956268123171501   , 0.000147 , 0.000198 , 14.14 , 6.23  , AM 1       , 123.3 , 0.997972085849089
66.1854166666667 , -21.1869444444445  , 0.000493  , -0.000402 , -0.133 , -23.79  , 1.10987791342952e-05 , 95    , -61.2               , -41.7 , -59.5205 , -0.626245712153789  , 0.779452382913532 , -0.826398713900925  , -0.563085398197199   , 8.4e-05  , 8.7e-05  , 1.07  , 4.75  , Eridanus   , 90.1  , 0.997663974516619
71.5245833333333 , 31.3815            , 0.001033  , -0.001557 , 0.009  , -135.97 , 3.67647058823529e-05 , 35    , -34.4               , 4.4   , -4.3205  , -0.123038735381876  , 0.99232896833278  , -0.991918924536442  , 0.126873350812801    , 7.5e-05  , 6.8e-05  , 1.55  , 1.75  , Pal 2      , 27.2  , 0.998340115414916
78.5279166666667 , -40.0465555555556  , 0.002115  , -0.000591 , -0.007 , 320.3   , 8.26446280991736e-05 , 16.6  , -12.2               , -8.9  , -6.9205  , -0.41537384621584   , 0.909086263444504 , -0.80787615975341   , -0.589352280475848   , 5.4e-05  , 5.5e-05  , 0.25  , 0.83  , NGC 1851   , 12.1  , 0.89109225268844
81.0458333333333 , -24.5247222222222  , 0.002466  , -0.001576 , -0.001 , 205.84  , 7.75193798449612e-05 , 18.8  , -15.7               , -8.3  , -6.3205  , -0.334214581275952  , 0.942110661462133 , -0.884061703771053  , -0.467370200082786   , 5.7e-05  , 5.8e-05  , 0.19  , 0.94  , NGC 1904   , 12.9  , 0.939818529915058
102.2475         , -36.0053055555556  , 0.003316  , -0.002186 , 0.001  , 146.18  , 9.25925925925926e-05 , 15.8  , -12.3               , -9.4  , -3.0205  , -0.190203833682486  , 0.981491918740826 , -0.79454115027117   , -0.607210309963333   , 6e-05    , 6.1e-05  , 0.71  , 0.79  , NGC 2298   , 10.8  , 0.885723100533287
114.535          , 38.8824444444444   , -1.1e-05  , -0.000557 , 0.010  , -20.67  , 1.21065375302663e-05 , 89.9  , -82.7               , -0.5  , 35.1795  , 0.391664250686526   , 0.920205270508752 , -0.999981723750095  , -0.00604583871674785 , 6.4e-05  , 6.1e-05  , 0.34  , 4.495 , NGC 2419   , 82.6  , 0.999278831453162
136.990833333333 , -37.2213888888889  , 0.001078  , 0.000212  , 0.025  , 40.46   , 2.53807106598985e-05 , 41.4  , -13.9               , -38.7 , 4.7795   , 0.115949348258677   , 0.993312810613416 , -0.338030461379432  , -0.941135169452087   , 6.8e-05  , 7.1e-05  , 0.21  , 2.07  , Pyxis      , 39.4  , 0.981608051861865
138.012916666667 , -64.8635           , 0.001009  , 0.00027   , -0.006 , 103.9   , 0.000104166666666667 , 11.1  , -6                  , -9.2  , -1.9205  , -0.170399598798859  , 0.985055343495045 , -0.546267780546922  , -0.837610596838614   , 5.2e-05  , 5.2e-05  , 0.3   , 0.555 , NGC 2808   , 9.6   , 0.710255160238364
140.2375         , -77.2818888888889  , -0.002695 , 0.007115  , -0.009 , 4.93    , 0.000123456790123457 , 9.1   , -5.1                , -7.1  , -2.6205  , -0.284894907074468  , 0.957888268431718 , -0.583400315193264  , -0.812184752523956   , 6.4e-05  , 6.4e-05  , 0.42  , 0.455 , E 3        , 8.1   , 0.572646721950889
151.382916666667 , 0.0716666666666667 , 0.000178  , -0.000162 , -0.515 , 94.04   , 1.08108108108108e-05 , 95.7  , -42.3               , -59.7 , 61.6795  , 0.644749467849032   , 0.764574596800836 , -0.578131098508206  , -0.815943890802361   , 0.000173 , 0.000198 , 0.8   , 4.785 , Pal 3      , 92.5  , 0.996963460123133
154.403333333333 , -46.4124722222222  , 0.008322  , -0.001991 , 0.001  , 494.34  , 0.000204081632653061 , 8.8   , -7.4                , -4.8  , 0.6795   , 0.079126753089222   , 0.997045789008138 , -0.838961287027659  , -0.544191105099022   , 4.4e-05  , 4.4e-05  , 0.14  , 0.44  , NGC 3201   , 4.9   , 0.43424837372449
172.32           , 28.9735833333333   , -0.000153 , -0.000542 , -0.471 , 72.4    , 9.19963201471941e-06 , 111.2 , -39.4               , -12.9 , 103.1795 , 0.928082351546618   , 0.37283416224923  , -0.950358228768229  , -0.311157897236298   , 0.000109 , 0.000184 , 0.24  , 5.56  , Pal 4      , 108.7 , 0.997611139321064
182.52625        , 18.5426388888889   , -0.001705 , -0.002111 , -0.014 , 179.52  , 5.18134715025907e-05 , 21.4  , -9.3                , -4.1  , 18.7795  , 0.880419991159519   , 0.475972878433301 , -0.915024637441462  , -0.403397958441935   , 6.5e-05  , 6.3e-05  , 0.33  , 1.07  , NGC 4147   , 19.3  , 0.927860127536197
186.439166666667 , -72.659            , -0.006377 , 0.003368  , 0.001  , 75.59   , 0.000172413793103448 , 7.1   , -5.1                , -4.9  , -1.0205  , -0.139943765317365  , 0.989749744990675 , -0.721104710287431  , -0.692826094197728   , 5e-05    , 5e-05    , 0.3   , 0.355 , NGC 4372   , 5.8   , 0.243438316537154
189.6675         , -51.1502777777778  , -0.001262 , 0.000397  , 0.027  , -38.42  , 4.71698113207547e-05 , 18.5  , 2.7                 , -17.8 , 4.2795   , 0.232366543962938   , 0.9728922810673   , 0.149969916460022   , -0.98869056036607    , 6.4e-05  , 6.3e-05  , 0.3   , 0.925 , Rup 106    , 21.2  , 0.927702166942886
189.86625        , -26.7440555555556  , -0.002753 , 0.001763  , -0.027 , -92.99  , 9.70873786407767e-05 , 10.2  , -3.9                , -7.2  , 5.9795   , 0.591759660100151   , 0.807594768455653 , -0.476283148540753  , -0.879291966536774   , 5.4e-05  , 5.3e-05  , 0.22  , 0.51  , NGC 4590   , 10.3  , 0.695457737245384
194.89125        , -70.8765           , -0.008359 , -0.000944 , 0.006  , 201.99  , 0.000151515151515152 , 7     , -4.4                , -5.4  , -0.9205  , -0.128092214123906  , 0.991381063937154 , -0.631672951162236  , -0.775234985517289   , 5.5e-05  , 5.5e-05  , 0.4   , 0.35  , NGC 4833   , 6.6   , 0.309086360930736
198.23           , 18.1681666666667   , -0.000153 , -0.001354 , -0.025 , -62.85  , 5.58659217877095e-05 , 18.4  , -5.2                , -1.4  , 17.5795  , 0.957258825712944   , 0.292897530656151 , -0.96561575852067   , -0.259973473447873   , 5.3e-05  , 5.2e-05  , 0.26  , 0.92  , NGC 5024   , 17.9  , 0.903220761097279
199.1125         , 17.70025           , -0.000366 , -0.001248 , -0.021 , 42.77   , 5.74712643678161e-05 , 17.8  , -5                  , -1.4  , 17.0795  , 0.957912815212379   , 0.29086389595273  , -0.962964019714182  , -0.269629925519971   , 5.8e-05  , 5.6e-05  , 0.25  , 0.89  , NGC 5053   , 17.4  , 0.896938492428645
201.696666666667 , -47.4795833333333  , -0.003239 , -0.006715 , -0.002 , 234.28  , 0.000192307692307692 , 6.4   , -4.9                , -3.9  , 1.2795   , 0.203380577369241   , 0.979760481485389 , -0.78242421956217   , -0.622745807406625   , 3.9e-05  , 3.9e-05  , 0.24  , 0.32  , NGC 5139   , 5.2   , 0.0600898399939907
205.548333333333 , 28.3772777777778   , -0.000138 , -0.002642 , -0.006 , -147.28 , 9.80392156862745e-05 , 12    , -6.5                , 1.3   , 9.9795   , 0.834695403194832   , 0.553296659343564 , -0.98058067569092   , 0.196116135138184    , 4.5e-05  , 4.4e-05  , 0.34  , 0.6   , NGC 5272   , 10.2  , 0.751795668913399
206.611666666667 , -51.37425          , 0.000207  , -0.000112 , -0.002 , 62.38   , 8.54700854700855e-05 , 8.9   , -0.4                , -8.6  , 2.0795   , 0.237103815484187   , 0.972046304033639 , -0.0464613993524682 , -0.998920086078066   , 6e-05    , 5.9e-05  , 0.4   , 0.445 , NGC 5286   , 11.7  , 0.730335060741381
211.363333333333 , 28.5344444444444   , -0.005408 , -0.000793 , 0.010  , 106.93  , 6.25e-05             , 16.3  , -4.7                , 3     , 15.2795  , 0.940665003303438   , 0.342810343246242 , -0.842922209577588  , 0.538035452921865    , 5.4e-05  , 5.4e-05  , 0.18  , 0.815 , NGC 5466   , 16    , 0.877472353815184
217.405          , -5.97641666666667  , -0.001718 , -0.001508 , -0.002 , -16.07  , 3.96825396825397e-05 , 21.2  , 7.7                 , -5    , 19.0795  , 0.90207076563584    , 0.433605985002013 , 0.838692381993937   , -0.544605442853206   , 6.4e-05  , 6.3e-05  , 0.6   , 1.06  , NGC 5634   , 25.2  , 0.955075976854972
219.900833333333 , -26.5389444444444  , -0.000487 , -0.001071 , -0.060 , -139.55 , 2.85714285714286e-05 , 29.4  , 18.4                , -14.6 , 17.6795  , 0.602067034825042   , 0.798970871305719 , 0.783354710418287   , -0.621574933266684   , 6.9e-05  , 6.8e-05  , 0.49  , 1.47  , NGC 5694   , 35    , 0.984139737487852
225.076666666667 , -82.2136944444445  , 0.000489  , -0.000487 , 0.006  , 38.41   , 5.31914893617021e-05 , 15.7  , 2.7                 , -14   , -6.6205  , -0.419845102395828  , 0.906991388803359 , 0.189367635389659   , -0.981906257576012   , 5.9e-05  , 5.9e-05  , 0.31  , 0.785 , IC 4499    , 18.8  , 0.907862819741835
225.994166666667 , -33.0682222222222  , -0.001172 , -0.002231 , 0.012  , -25.24  , 3.11526479750779e-05 , 25.9  , 18.4                , -13.7 , 12.0795  , 0.466710576112279   , 0.884826918950271 , 0.802087537649262   , -0.597206481836679   , 5.9e-05  , 5.8e-05  , 0.52  , 1.295 , NGC 5824   , 32.1  , 0.984627900113064
229.021666666667 , 0.111611111111111  , -0.002736 , -0.002646 , -0.048 , -58.6   , 4.31034482758621e-05 , 18.6  , 8.2                 , 0.2   , 16.6795  , 0.89846553091674    , 0.441293916590045 , 0.99970269064305    , 0.0243829924547085   , 6.4e-05  , 6.4e-05  , 0.21  , 0.93  , Pal 5      , 23.2  , 0.950361025850482
229.352083333333 , -21.0102777777778  , -0.005427 , -0.00344  , -0.014 , 101.31  , 8e-05                , 7.4   , 2.3                 , -3.2  , 6.2795   , 0.849784510059466   , 0.531562076004061 , 0.583636048152575   , -0.812015371342713   , 5.7e-05  , 5.7e-05  , 0.22  , 0.37  , NGC 5897   , 12.5  , 0.794646377027027
229.638333333333 , 2.08102777777778   , 0.004081  , -0.009855 , -0.008 , 53.7    , 0.000133333333333333 , 6.2   , -2.9                , 0.3   , 5.4795   , 0.886118523766293   , 0.469719498655689 , -0.994691793826551  , 0.102899151085505    , 4.7e-05  , 4.7e-05  , 0.25  , 0.31  , NGC 5904   , 7.5   , 0.329995481182796
232.0025         , -50.6730277777778  , -0.005053 , -0.003236 , -0.003 , -104.07 , 0.00012987012987013  , 4.6   , -1.6                , -4.2  , 0.6795   , 0.153997901015214   , 0.988763545582026 , -0.355995327591988  , -0.934487734928968   , 5.6e-05  , 5.5e-05  , 0.28  , 0.23  , NGC 5927   , 7.7   , 0.232207506352344
233.86875        , -50.6596666666667  , -0.005327 , -0.001609 , -0.008 , 137.41  , 9.43396226415094e-05 , 5.8   , 0.9                 , -5.6  , 0.7795   , 0.139733738113339   , 0.99068781357203  , 0.158678095383755   , -0.987330371276699   , 6.5e-05  , 6.4e-05  , 1.42  , 0.29  , NGC 5946   , 10.6  , 0.666880121584255
234.780833333333 , -50.0527222222222  , -0.004002 , -0.003064 , 0.019  , -6      , 5.29100529100529e-05 , 12.9  , 8.1                 , -9.9  , 1.3795   , 0.108817522674557   , 0.994234875367185 , 0.633237790257263   , -0.773957299203321   , 7.1e-05  , 6.7e-05  , 14    , 0.645 , BH 176     , 18.9  , 0.942577375312743
236.5125         , -37.7864166666667  , -0.004195 , -0.004595 , -0.011 , 101.18  , 9.61538461538461e-05 , 4.8   , 1.3                 , -4    , 2.3795   , 0.496648367671693   , 0.870365538594596 , 0.309086072337558   , -0.951034068730948   , 6e-05    , 5.9e-05  , 0.43  , 0.24  , NGC 5986   , 10.4  , 0.673072713842148
242.7525         , 14.9577777777778   , -0.000504 , -0.000461 , 0.167  , 72.3    , 1.30718954248366e-05 , 71.6  , 41.7                , 27.3  , 51.3795  , 0.718054088101634   , 0.696282645298942 , 0.836651366039942   , 0.54773578640025     , 8.1e-05  , 7.8e-05  , 0.14  , 3.58  , Pal 14     , 76.5  , 0.996349507042575
242.765          , -55.3177777777778  , -0.003859 , -0.00704  , -0.007 , 17.86   , 0.000125             , 4.3   , -1.2                , -4.1  , -0.4205  , -0.0931825930417246 , 0.995190529933618 , -0.280898753270713  , -0.959737407008271   , 6.2e-05  , 6.2e-05  , 0.83  , 0.215 , Lynga 7    , 8     , 0.268743891715116
244.26           , -22.9760833333333  , -0.002933 , -0.005576 , 0.001  , 10.93   , 1e-04                , 3.8   , 1.4                 , -1.2  , 3.2795   , 0.877116252478228   , 0.490097714178009 , 0.759256602365297   , -0.650791373455968   , 6.1e-05  , 6e-05    , 0.39  , 0.19  , NGC 6093   , 10    , 0.663678680921053
245.896666666667 , -26.52575          , -0.01249  , -0.018991 , -0.001 , 71.05   , 0.000454545454545455 , 5.9   , -5.9                , -0.3  , 0.5795   , 0.101078562626066   , 0.995223266697048 , -0.99870976937166   , -0.0507818526799149  , 4.5e-05  , 4.5e-05  , 0.08  , 0.295 , NGC 6121   , 2.2   , -0.937997698382126
246.450416666667 , -72.2021944444445  , 0.001758  , -0.000221 , 0.005  , 366.33  , 6.49350649350649e-05 , 11.2  , 3                   , -10   , -4.2205  , -0.372964977582004  , 0.927111591201209 , 0.287347885566345   , -0.957826285221151   , 5.4e-05  , 5.4e-05  , 0.32  , 0.56  , NGC 6101   , 15.4  , 0.865606388421846
246.8075         , -26.0235           , -0.001764 , -0.002617 , 0.002  , 195.74  , 0.000112359550561798 , 2.7   , 0.5                 , -1.2  , 2.3795   , 0.885131699238211   , 0.479446337087365 , 0.384615384615385   , -0.923076923076923   , 6.2e-05  , 6.1e-05  , 0.74  , 0.135 , NGC 6144   , 8.9   , 0.468156049729505
246.917916666667 , -38.84875          , -0.006192 , -0.002655 , 0.006  , 24.41   , 9.9009900990099e-05  , 3.6   , 1.6                 , -3    , 1.1795   , 0.333446299040639   , 0.944764513948476 , 0.470588235294118   , -0.882352941176471   , 6.2e-05  , 6.1e-05  , 0.95  , 0.18  , NGC 6139   , 10.1  , 0.700901811743675
247.166666666667 , -35.3534722222222  , -0.005607 , -0.00169  , 0.006  , -135.76 , 0.000121951219512195 , 2.5   , -0.2                , -2.1  , 1.2795   , 0.526911177758324   , 0.855015651660489 , -0.0948090926279955 , -0.995495472593952   , 6.3e-05  , 6.2e-05  , 0.57  , 0.125 , Terzan 3   , 8.2   , 0.231453164634146
248.1325         , -13.0537777777778  , -0.001926 , -0.005964 , 0.000  , -34.68  , 0.00015625           , 3.3   , -2.1                , 0.3   , 2.4795   , 0.766139076414172   , 0.650090563517351 , -0.989949493661167  , 0.14142135623731     , 5.7e-05  , 5.6e-05  , 0.19  , 0.165 , NGC 6171   , 6.4   , -0.287651994554924
249.855833333333 , -28.3986944444444  , -0.00154  , -0.006418 , -0.016 , 16.27   , 0.000120481927710843 , 2.1   , 0                   , -1.1  , 1.6795   , 0.846754654859522   , 0.547900070791455 , 0                   , -1                   , 7e-05    , 6.8e-05  , 0.48  , 0.105 , 1636-283   , 8.3   , 0.266769355995411
250.421666666667 , 36.4598611111111   , -0.003166 , -0.00259  , 0.011  , -244.49 , 0.000140845070422535 , 8.4   , -5.2                , 4.6   , 4.6795   , 0.561365748747251   , 0.829223444213409 , -0.748996562490381  , 0.662573882203029    , 4.7e-05  , 4.8e-05  , 0.43  , 0.42  , NGC 6205   , 7.1   , 0.477612170942321
251.744583333333 , 47.52775           , -0.001187 , -0.000435 , 0.009  , -138.64 , 3.27868852459016e-05 , 29.8  , -1.5                , 22.3  , 19.6795  , 0.66152737490454    , 0.75052770629825  , -0.0671129183712594 , 0.997745386452723    , 6.3e-05  , 6.4e-05  , 0.77  , 1.49  , NGC 6229   , 30.5  , 0.965061931868192
251.80875        , -1.94852777777778  , -0.000139 , -0.006798 , 0.019  , -41.35  , 0.000208333333333333 , 4.5   , -3.8                , 1.2   , 2.0795   , 0.467193909875863   , 0.886549781676214 , -0.953582665134142  , 0.301131367937097    , 5.2e-05  , 5.1e-05  , 0.2   , 0.225 , NGC 6218   , 4.8   , -0.479407876157407
253.044166666667 , -47.0580555555556  , -0.005015 , -0.000141 , -0.134 , -69.85  , 0.000102040816326531 , 3.7   , 1.1                 , -3.5  , -0.3205  , -0.0814606465535068 , 0.996205942401697 , 0.299826596740394   , -0.953993716901256   , 0.000112 , 0.000103 , 4.88  , 0.185 , FSR 1735   , 9.8   , 0.630578871345836
253.355416666667 , -22.1774444444444  , -0.00398  , -0.007608 , 0.009  , 126.68  , 8.69565217391305e-05 , 4.2   , 3.2                 , -0.2  , 2.6795   , 0.646167519333502   , 0.767322471353204 , 0.998052578482889   , -0.0623782861551806  , 6.3e-05  , 6.2e-05  , 0.33  , 0.21  , NGC 6235   , 11.5  , 0.88912608436853
254.2875         , -4.10030555555556  , -0.004763 , -0.006558 , 0.012  , 74.02   , 0.000227272727272727 , 4.6   , -4.1                , 1.1   , 1.6795   , 0.372385326249622   , 0.929867419640152 , -0.965842837234668  , 0.25912856608735     , 4.9e-05  , 4.8e-05  , 0.31  , 0.23  , NGC 6254   , 4.4   , -0.58004990736166
254.885833333333 , -37.1213888888889  , -0.003669 , -0.001495 , 0.005  , -101.37 , 9.70873786407767e-05 , 3     , 2                   , -2.2  , 0.5795   , 0.198074606449143   , 0.981530238857005 , 0.672672793996313   , -0.739940073395944   , 6.8e-05  , 6.6e-05  , 1.19  , 0.15  , NGC 6256   , 10.3  , 0.826692228964402
254.9625         , 0.538888888888889  , -0.00058  , -0.000861 , 0.027  , 72.27   , 2.21729490022173e-05 , 38.4  , 30.9                , 13.3  , 18.5795  , 0.483991483231866   , 0.875367529778185 , 0.918528892096666   , 0.395353859705038    , 7.6e-05  , 7e-05    , 1.74  , 1.92  , Pal 15     , 45.1  , 0.994482625343565
255.303333333333 , -30.1137222222222  , -0.005047 , -0.002952 , 0.004  , -73.49  , 0.000147058823529412 , 1.7   , -1.3                , -0.8  , 0.8795   , 0.51087566698305    , 0.866464290316464 , -0.851658316704544  , -0.524097425664335   , 5.8e-05  , 5.7e-05  , 0.7   , 0.085 , NGC 6266   , 6.8   , -0.643184266868512
255.6575         , -26.2679722222222  , -0.003236 , 0.001667  , 0.010  , 145.54  , 0.000113636363636364 , 1.7   , 0.699999999999999   , -0.5  , 1.3795   , 0.861147986333274   , 0.529133934392686 , 0.813733471206735   , -0.581238193719097   , 5.7e-05  , 5.7e-05  , 0.59  , 0.085 , NGC 6273   , 8.8   , 0.545774724264707
256.11875        , -24.7648611111111  , -0.00318  , -0.00201  , 0.009  , 28.26   , 6.5359477124183e-05  , 7.5   , 7                   , -0.4  , 2.5795   , 0.348018614150953   , 0.938501697352389 , 0.998371334423977   , -0.057049790538513   , 6.5e-05  , 6.4e-05  , 0.93  , 0.375 , NGC 6284   , 15.3  , 0.986229105664488
256.287916666667 , -22.7083611111111  , -0.004988 , -0.00189  , 0.003  , -294.74 , 0.000106382978723404 , 2.1   , 1.2                 , 0     , 1.7795   , 0.838651057472558   , 0.559100704981705 , 1                   , 0                    , 6.1e-05  , 6e-05    , 1.65  , 0.105 , NGC 6287   , 9.4   , 0.728712759625127
257.5425         , -26.5820833333333  , 0.000886  , -0.004333 , 0.007  , -143.66 , 0.000105263157894737 , 1.9   , 1.4                 , -0.4  , 1.2795   , 0.670680693402999   , 0.751173715168106 , 0.961523947640823   , -0.274721127897378   , 6.4e-05  , 6.3e-05  , 0.39  , 0.095 , NGC 6293   , 9.5   , 0.827135173130194
258.634166666667 , -29.4620277777778  , -0.00405  , -0.001067 , 0.004  , -108.62 , 0.000169491525423729 , 2.3   , -2.2                , -0.4  , 0.5795   , 0.259747068570194   , 0.968020170465423 , -0.983869910099908  , -0.178885438199983   , 6.3e-05  , 6.2e-05  , 0.39  , 0.115 , NGC 6304   , 5.9   , -0.880634497052321
259.155416666667 , -28.1401111111111  , -0.004951 , -0.004603 , 0.012  , 99.81   , 9.61538461538461e-05 , 2.6   , 2.4                 , -0.5  , 0.9795   , 0.378792763461192   , 0.928621874327707 , 0.978980419737605   , -0.203954254112001   , 6.6e-05  , 6.5e-05  , 0.82  , 0.13  , NGC 6316   , 10.4  , 0.941560276442308
259.280416666667 , 43.1359444444445   , -0.004921 , -0.000534 , 0.010  , -120.48 , 0.000120481927710843 , 9.6   , -5.5                , 6.3   , 4.6795   , 0.490441611457691   , 0.872674461706911 , -0.657657648835018  , 0.753316943211021    , 5.2e-05  , 5.2e-05  , 0.27  , 0.48  , NGC 6341   , 8.3   , 0.60899585686496
259.496666666667 , -23.766            , -0.008429 , -0.009011 , 0.008  , 29.54   , 0.000128205128205128 , 1.1   , -0.3                , 0.1   , 1.0795   , 0.977895518657247   , 0.281125195693507 , -0.948683298050514  , 0.316227766016838    , 6.7e-05  , 6.6e-05  , 0.58  , 0.055 , NGC 6325   , 7.8   , -0.113660853729603
259.796666666667 , -18.5159444444444  , -0.002221 , -0.003214 , 0.009  , 310.75  , 0.000126582278481013 , 1.7   , -0.3                , 0.7   , 1.4795   , 0.901438360300933   , 0.457676668064927 , -0.393919298579168  , 0.919145030018058    , 5.8e-05  , 5.7e-05  , 2.12  , 0.085 , NGC 6333   , 7.9   , 0.0483834605361134
260.291666666667 , -19.5874166666667  , -0.00293  , -0.0071   , 0.004  , 116.56  , 0.000117647058823529 , 1.7   , 0.4                 , 0.7   , 1.3795   , 0.876195273077742   , 0.504579437813828 , 0.496138938356834   , 0.868243142124459    , 6.4e-05  , 6.4e-05  , 0.74  , 0.085 , NGC 6342   , 8.5   , 0.385452586505191
260.895416666667 , -17.8130277777778  , -0.003814 , -0.003378 , 0.010  , 38.93   , 6.62251655629139e-05 , 7.5   , 6.7                 , 1.7   , 2.6795   , 0.364201313227842   , 0.932396889380372 , 0.969285531300649   , 0.245938119882254    , 6e-05    , 6e-05    , 1.88  , 0.375 , NGC 6356   , 15.1  , 0.972448475717439
260.99375        , -26.3534166666667  , -0.004649 , -0.00051  , 0.014  , -194.13 , 0.000108695652173913 , 1.4   , 1.2                 , -0.1  , 0.8795   , 0.603562105573207   , 0.807538908714976 , 0.99654575824488    , -0.08304547985374    , 6.6e-05  , 6.5e-05  , 0.83  , 0.07  , NGC 6355   , 9.2   , 0.877312878493789
261.37125        , -48.4221666666667  , -0.002173 , -0.004397 , 0.003  , -125.63 , 0.000178571428571429 , 3.3   , -2.7                , -1.8  , -0.7205  , -0.210588276358836  , 0.976225922258609 , -0.832050294337844  , -0.554700196225229   , 5.7e-05  , 5.7e-05  , 1.01  , 0.165 , NGC 6352   , 5.6   , -0.588485396374459
261.785416666667 , -7.09305555555556  , -0.000928 , -0.001407 , 0.037  , -137.97 , 4e-05                , 17.9  , 15.2                , 6.9   , 6.4795   , 0.363001670939534   , 0.932233684314136 , 0.910571523184018   , 0.413351546708534    , 8.7e-05  , 8.1e-05  , 2.04  , 0.895 , IC 1257    , 25    , 0.984815172905028
261.887916666667 , -30.8023333333333  , -0.002237 , -0.00621  , 0.086  , 128.96  , 0.000133333333333333 , 0.8   , -0.5                , -0.5  , 0.2795   , 0.394559190427996   , 0.929984930437035 , -0.707106781186548  , -0.707106781186548   , 8.1e-05  , 7.5e-05  , 1.18  , 0.04  , Terzan 2   , 7.5   , -0.592535020833333
261.934166666667 , -5.07986111111111  , -0.000356 , -0.00512  , 0.015  , -120.65 , 0.000285714285714286 , 5     , -4.8                , 1.1   , 0.9795   , 0.199167545350155   , 0.980786416443228 , -0.974732318528274  , 0.223376156329396    , 5.3e-05  , 5.3e-05  , 0.19  , 0.25  , NGC 6366   , 3.5   , -0.764297721428571
262.6625         , -31.5955277777778  , -0.005386 , -0.003392 , 0.020  , -39.93  , 0.000138888888888889 , 1     , -0.8                , -0.5  , 0.1795   , 0.208263263041446   , 0.98237584701677  , -0.847998304005088  , -0.52999894000318    , 8.6e-05  , 7.8e-05  , 3.76  , 0.05  , Terzan 4   , 7.2   , -0.775029184027777
262.771666666667 , -29.9816666666667  , 0.002462  , -0.010149 , -0.001 , 40.61   , 0.000121951219512195 , 0.5   , 0.199999999999999   , -0.4  , 0.2795   , 0.568859413464604   , 0.848005545431675 , 0.447213595499957   , -0.894427190999917   , 7.2e-05  , 7e-05    , 1.29  , 0.025 , HP 1       , 8.2   , 0.425558506097562
262.97875        , -67.0483333333333  , -0.005507 , -0.004747 , -0.000 , -14.58  , 0.000131578947368421 , 5.1   , -2                  , -4.1  , -2.3205  , -0.449387464397292  , 0.891310777135461 , -0.438423632021414  , -0.8987684456439     , 5.2e-05  , 5.2e-05  , 0.18  , 0.255 , NGC 6362   , 7.6   , 0.255025538570692
263.616666666667 , -39.0691666666667  , -0.002125 , -0.003124 , -0.006 , -6.54   , 9.1743119266055e-05  , 3.3   , 2.7                 , -1.9  , -0.6205  , -0.17860765932363   , 0.982793052228099 , 0.817806419300766   , -0.575493406174614   , 6.6e-05  , 6.4e-05  , 1.48  , 0.165 , NGC 6380   , 10.9  , 0.913255209202113
263.949166666667 , -30.4697222222222  , -0.002978 , -0.004847 , 0.026  , 57.55   , 0.000149253731343284 , 1.3   , -1.3                , -0.3  , 0.0795   , 0.0748204540258238  , 0.99822936273795  , -0.97439119569462   , -0.224859506698758   , 8.2e-05  , 7.8e-05  , 1.61  , 0.065 , Terzan 1   , 6.7   , -1.00002412456946
264.04375        , -38.5533333333333  , -0.005915 , -0.00055  , 0.013  , -184.72 , 0.000121951219512195 , 1.4   , 0.0999999999999996  , -1.3  , -0.5205  , -0.356152074640025  , 0.928730984644466 , 0.0766964988847368  , -0.997054485501582   , 6.7e-05  , 6.6e-05  , 1.12  , 0.07  , Ton 2      , 8.2   , 0.226462532665505
264.071666666667 , -44.7355           , -0.00133  , -0.002677 , 0.004  , 82.85   , 0.000101010101010101 , 3.1   , 1.6                 , -2.5  , -1.2205  , -0.373913064661073  , 0.924862877648971 , 0.539053696423367   , -0.842271400661512   , 5.8e-05  , 5.7e-05  , 0.48  , 0.155 , NGC 6388   , 9.9   , 0.710648089768655
264.400416666667 , -3.24591666666667  , -0.003639 , -0.005033 , 0.008  , -60.71  , 0.00010752688172043  , 4     , 0.300000000000001   , 3.3   , 2.3795   , 0.58831269319563    , 0.812265760917433 , 0.0905357460425187  , 0.995893206467704    , 5.8e-05  , 5.8e-05  , 0.45  , 0.2   , NGC 6402   , 9.3   , 0.517333061155914
264.6525         , -23.9095           , -0.002834 , 0.001492  , -0.001 , -99.26  , 9.43396226415094e-05 , 2.7   , 2.5                 , 0.6   , 0.6795   , 0.263230072849713   , 0.966803454878439 , 0.972387301980518   , 0.233372952475324    , 6.5e-05  , 6.4e-05  , 3.18  , 0.135 , NGC 6401   , 10.6  , 0.972214880328442
265.175          , -53.6743333333333  , 0.003282  , -0.017617 , 0.001  , 18.39   , 0.000434782608695652 , 6     , -5.9                , -0.8  , -0.5205  , -0.0836582325448057 , 0.996200603253906 , -0.990932088180138  , -0.134363672973578   , 4.3e-05  , 4.3e-05  , 0.1   , 0.3   , NGC 6397   , 2.3   , -0.822841313405797
265.925833333333 , -26.2225           , -0.009254 , -0.005329 , 0.038  , 176.28  , 0.000172413793103448 , 2.2   , -2.2                , 0.2   , 0.1795   , 0.0902383363772075  , 0.996715002876639 , -0.995893206467704  , 0.0905357460425185   , 7e-05    , 6.7e-05  , 1.53  , 0.11  , Pal 6      , 5.8   , -1.00001646747649
266.2275         , 3.17013888888889   , -0.001865 , -0.002994 , 0.019  , -210.51 , 4.85436893203884e-05 , 14.4  , 9.4                 , 9.3   , 5.7795   , 0.401913650154016   , 0.916299777490607 , 0.710877936542854   , 0.703315405303036    , 6.4e-05  , 6.3e-05  , 0.51  , 0.72  , NGC 6426   , 20.6  , 0.956916767377967
266.867916666667 , -33.0655555555556  , -0.005161 , -0.008324 , -0.006 , -359.81 , 7.2992700729927e-05  , 5.7   , 5.6                 , -0.8  , -0.6205  , -0.105433631141861  , 0.994037807273752 , 0.989949493661167   , -0.14142135623731    , 8e-05    , 7.5e-05  , 1.98  , 0.285 , Djorg 1    , 13.7  , 0.999997309194519
267.02           , -24.7791666666667  , -0.001586 , -0.004689 , 0.072  , -81.4   , 0.000144927536231884 , 1.2   , -1.1                , 0.5   , 0.1795   , 0.163724446557855   , 0.989145007379942 , -0.910366477462605  , 0.413802944301184    , 1e-04    , 9.6e-05  , 1.36  , 0.06  , Terzan 5   , 6.9   , -0.902803155193236
267.219583333333 , -20.36025          , -0.001067 , -0.00382  , 0.025  , -69.39  , 0.000117647058823529 , 1.3   , 0.4                 , 1.1   , 0.5795   , 0.459393258314761   , 0.89617670493033  , 0.341743063086705   , 0.939793423488437    , 6.8e-05  , 6.7e-05  , 0.93  , 0.065 , NGC 6440   , 8.5   , 0.449754739819005
267.554166666667 , -37.0514444444444  , -0.002573 , -0.005323 , 0.001  , 17.27   , 8.62068965517241e-05 , 3.9   , 3.5                 , -1.3  , -1.0205  , -0.258358947481546  , 0.964616960076996 , 0.937425272009765   , -0.348186529603627   , 6e-05    , 5.9e-05  , 0.93  , 0.195 , NGC 6441   , 11.6  , 0.947939652409373
267.692916666667 , -31.2753888888889  , -0.00595  , -0.006906 , 0.155  , 137.15  , 0.000147058823529412 , 1.3   , -1.2                , -0.2  , -0.3205  , -0.238461996239244  , 0.967005130416124 , -0.986393923832144  , -0.164398987305357   , 0.000266 , 0.000186 , 1.7   , 0.065 , Terzan 6   , 6.8   , -0.90896042138009
267.715416666667 , -34.5991666666667  , 0.000179  , -0.005884 , 0.006  , -91.16  , 8.62068965517241e-05 , 3.7   , 3.5                 , -0.9  , -0.8205  , -0.215875717674608  , 0.975181369980689 , 0.96849293259685    , -0.249041039810618   , 6.6e-05  , 6.5e-05  , 3.08  , 0.185 , NGC 6453   , 11.6  , 0.981472271085741
269.765          , -44.2659444444444  , -0.003031 , -0.009237 , 0.004  , -134.72 , 8.84955752212389e-05 , 4.2   , 2.9                 , -2.3  , -2.0205  , -0.474279726586003  , 0.877737894959504 , 0.783497679089534   , -0.621394711002044   , 6.1e-05  , 6.1e-05  , 0.26  , 0.21  , NGC 6496   , 11.3  , 0.856822374104509
270.411666666667 , -26.8397222222222  , -0.002197 , -0.007451 , 0.041  , 29.31   , 0.000140845070422535 , 1.1   , -0.9                , 0.4   , -0.2205  , -0.198163581500443  , 0.975842467846249 , -0.913811548620257  , 0.406138466053448    , 7.3e-05  , 7e-05    , 2.96  , 0.055 , Terzan 9   , 7.1   , -0.792600528169014
270.454583333333 , -27.8258333333333  , 0.000515  , -0.003052 , -0.036 , -148.05 , 0.000158730158730159 , 1.8   , -1.8                , 0.3   , -0.3205  , -0.161920579225554  , 0.984924432197386 , -0.986393923832144  , 0.164398987305357    , 7.9e-05  , 7.4e-05  , 1.38  , 0.09  , Djorg 2    , 6.3   , -0.929030875220458
270.460416666667 , -8.95877777777778  , -0.001473 , -0.004228 , 0.016  , -37.07  , 9.43396226415094e-05 , 4.2   , 2                   , 3.5   , 1.2795   , 0.307378253747346   , 0.953139503051161 , 0.496138938356834   , 0.868243142124459    , 6.4e-05  , 6.4e-05  , 1.68  , 0.21  , NGC 6517   , 10.6  , 0.74123517239443
270.901666666667 , -26.0725           , -0.006912 , -0.002409 , 0.074  , -64.11  , 0.000172413793103448 , 2.3   , -2.2                , 0.5   , -0.2205  , -0.088228060772141  , 0.995257889968075 , -0.97513285579146   , 0.221621103588968    , 8.5e-05  , 8e-05    , 3.09  , 0.115 , Terzan 10  , 5.8   , -0.939670923913043
270.891666666667 , -30.0339722222222  , 0.002622  , -0.006427 , 0.003  , -13.9   , 0.00012987012987013  , 0.6   , -0.3                , 0.1   , -0.5205  , -0.820974622046666  , 0.51922994137267  , -0.948683298050514  , 0.316227766016838    , 7e-05    , 6.9e-05  , 0.71  , 0.03  , NGC 6522   , 7.7   , -0.470824702380951
270.960416666667 , 0.297638888888889  , -0.004245 , -0.002896 , 0.007  , -214.85 , 0.000147058823529412 , 3.9   , -2                  , 3.1   , 1.1795   , 0.309826065777654   , 0.952501720613012 , -0.542126869822093  , 0.840296648224244    , 6.5e-05  , 6.4e-05  , 0.46  , 0.195 , NGC 6535   , 6.8   , -0.048084846342383
271.206666666667 , -30.0562777777778  , -0.002316 , -0.00557  , 0.018  , 210.31  , 0.000126582278481013 , 0.6   , -0.0999999999999996 , 0.2   , -0.6205  , -0.90969647857134   , 0.339023860829616 , -0.447213595499957  , 0.894427190999917    , 8e-05    , 7.7e-05  , 0.75  , 0.03  , NGC 6528   , 7.9   , -0.129791165611813
271.206666666667 , -7.58586111111111  , -0.006864 , -0.003477 , 0.009  , 35.69   , 0.000128205128205128 , 3     , -0.8                , 2.8   , 0.8795   , 0.295861884785981   , 0.957292014796264 , -0.274721127897378  , 0.961523947640823    , 6.1e-05  , 6.1e-05  , 0.55  , 0.15  , NGC 6539   , 7.8   , 0.12477734508547
271.535833333333 , -27.7652777777778  , -0.00378  , -0.002808 , 0.029  , -17.98  , 0.000188679245283019 , 2.8   , -2.8                , 0.3   , -0.3205  , -0.105849773622121  , 0.993585562979548 , -0.994309153919809  , 0.106533123634265    , 6.9e-05  , 6.8e-05  , 0.84  , 0.14  , NGC 6540   , 5.3   , -0.945768876347709
271.835416666667 , -24.9973333333333  , -0.00235  , -0.018554 , 0.001  , -38.12  , 0.000333333333333333 , 5.1   , -5.1                , 0.3   , -0.1205  , -0.0195685647703267 , 0.999721950301648 , -0.998274373174996  , 0.0587220219514703   , 6e-05    , 5.9e-05  , 0.76  , 0.255 , NGC 6544   , 3     , -0.947399354575163
272.009583333333 , -43.7148888888889  , 0.000353  , -0.008848 , -0.007 , -163.97 , 0.000133333333333333 , 2.1   , -0.7                , -1.4  , -1.5205  , -0.687385236384044  , 0.71728538713276  , -0.447213595499958  , -0.894427190999916   , 5.6e-05  , 5.6e-05  , 0.46  , 0.105 , NGC 6541   , 7.5   , -0.106045087301587
272.275          , -46.4230555555556  , -0.000552 , -0.002724 , 0.085  , 93.2    , 4.67289719626168e-05 , 14    , 12.4                , -4.7  , -4.7205  , -0.333902229159979  , 0.942090548662046 , 0.935083726308046   , -0.354426896261921   , 8.2e-05  , 7.5e-05  , 0.34  , 0.7   , ESO 280-06 , 21.4  , 0.984578737900534
272.323333333333 , -25.9086944444444  , 0.000248  , -0.000413 , 0.003  , 0.72    , 0.000166666666666667 , 2.2   , -2.1                , 0.5   , -0.3205  , -0.137465500697242  , 0.989157439944925 , -0.972806214685367  , 0.23162052730604     , 6.2e-05  , 6.2e-05  , 0.4   , 0.11  , NGC 6553   , 6     , -0.877288645833333
272.573333333333 , -31.7638888888889  , -0.001795 , -0.00412  , 0.003  , -195.7  , 0.000135135135135135 , 1     , -0.7                , 0     , -0.8205  , -0.741752485043322  , 0.649033424412906 , -1                  , 0                    , 6.6e-05  , 6.6e-05  , 0.7   , 0.05  , NGC 6558   , 7.4   , -0.556785152027026
272.684166666667 , -7.20761111111111  , -0.002583 , -0.004379 , 0.009  , 155.06  , 0.000185185185185185 , 3.7   , -3                  , 2     , 0.4795   , 0.137464764124191   , 0.991272511238669 , -0.832050294337844  , 0.554700196225229    , 5.9e-05  , 5.9e-05  , 0.69  , 0.185 , IC 1276    , 5.4   , -0.529289796046046
273.065833333333 , -22.7419444444445  , -0.006151 , -0.002679 , 0.049  , 94.77   , 0.000208333333333333 , 3.4   , -3.3                , 0.7   , -0.2205  , -0.0591606714676344 , 0.997870605989895 , -0.978234125102441  , 0.207504208355063    , 6.9e-05  , 6.7e-05  , 0.97  , 0.17  , Terzan 12  , 4.8   , -0.900748169424019
273.411666666667 , -31.8268888888889  , -0.004109 , -0.007263 , 0.005  , -49.83  , 9.1743119266055e-05  , 3.1   , 2.8                 , 0.1   , -1.3205  , -0.419710493137895  , 0.904568173052734 , 0.99936285434755    , 0.0356915305124125   , 6.2e-05  , 6.2e-05  , 0.5   , 0.155 , NGC 6569   , 10.9  , 0.953234385173129
273.5275         , -28.635            , 0.003597  , -0.003566 , 0.037  , -29.38  , 0.000153846153846154 , 1.7   , -1.5                , 0.4   , -0.6205  , -0.358887862649374  , 0.928572979356044 , -0.966234939601246  , 0.257662650560332    , 7.1e-05  , 6.9e-05  , 0.6   , 0.085 , BH 261     , 6.5   , -0.853412680995475
274.656666666667 , -52.2157777777778  , -5.5e-05  , -0.007185 , -0.000 , 260.64  , 7.40740740740741e-05 , 7     , 4.3                 , -4    , -3.8205  , -0.54238016734503   , 0.838236950832473 , 0.732186738163084   , -0.681103942477287   , 6.1e-05  , 6.1e-05  , 1.58  , 0.35  , NGC 6584   , 13.5  , 0.884918411375661
275.91875        , -30.3610277777778  , 0.000103  , -0.006907 , 0.002  , 54.26   , 0.000126582278481013 , 1.2   , -0.2                , 0.4   , -1.1205  , -0.911766348436684  , 0.370685733582034 , -0.447213595499958  , 0.894427190999916    , 6.4e-05  , 6.4e-05  , 0.45  , 0.06  , NGC 6624   , 7.9   , -0.0079335574894509
276.136666666667 , -24.8697777777778  , -0.000319 , -0.008921 , -0.003 , 11.11   , 0.000181818181818182 , 2.7   , -2.6                , 0.7   , -0.5205  , -0.182320084124711  , 0.981823700662196 , -0.96561575852067   , 0.259973473447873    , 6.1e-05  , 6.1e-05  , 0.6   , 0.135 , NGC 6626   , 5.5   , -0.89092324074074
277.73375        , -25.4974722222222  , -0.002537 , -0.004078 , 0.013  , 8.63    , 0.000106382978723404 , 2.2   , 1.3                 , 1.3   , -1.2205  , -0.543793107518456  , 0.833126220092413 , 0.707106781186548   , 0.707106781186547    , 6.4e-05  , 6.4e-05  , 2     , 0.11  , NGC 6638   , 9.4   , 0.705985970744681
277.84625        , -32.3480833333333  , -0.005115 , -0.005794 , 0.011  , 46.63   , 0.000113636363636364 , 1.7   , 0.6                 , 0.3   , -1.6205  , -0.91227418907459   , 0.38248258141674  , 0.894427190999916   , 0.447213595499958    , 6.2e-05  , 6.2e-05  , 1.45  , 0.085 , NGC 6637   , 8.8   , 0.545774724264707
277.975416666667 , -23.4751944444444  , -0.000191 , -0.003895 , 0.004  , -33.23  , 0.000123456790123457 , 1.7   , 0                   , 1.4   , -0.9205  , -0.537151175225313  , 0.835568494794931 , 0                   , 1                    , 6.5e-05  , 6.5e-05  , 1.13  , 0.085 , NGC 6642   , 8.1   , 0.16338343318809
278.94           , -32.9907222222222  , -0.005507 , -0.004201 , 0.001  , -99.04  , 1e-04                , 2.7   , 1.8                 , 0.3   , -2.0205  , -0.734598401108239  , 0.670258144361727 , 0.986393923832144   , 0.164398987305357    , 6.3e-05  , 6.3e-05  , 0.51  , 0.135 , NGC 6652   , 10    , 0.80165888425926
279.099583333333 , -23.90475          , 0.009831  , -0.005551 , 0.008  , -147.76 , 0.0003125            , 4.9   , -4.8                , 0.6   , -0.4205  , -0.0823791630083171 , 0.996243067893231 , -0.992277876713668  , 0.124034734589208    , 4.7e-05  , 4.7e-05  , 0.3   , 0.245 , NGC 6656   , 3.2   , -0.948674115114795
280.374583333333 , -19.8258333333333  , -0.002031 , -0.005634 , 0.015  , -41.14  , 7.8125e-05           , 5.5   , 4.3                 , 3.1   , -1.5205  , -0.272000271530391  , 0.961238680204808 , 0.811176378747386   , 0.584801575376022    , 6.3e-05  , 6.3e-05  , 1.81  , 0.275 , Pal 8      , 12.8  , 0.923931674360796
280.802916666667 , -32.2921111111111  , 0.001454  , -0.004691 , 0.009  , 216.62  , 0.000111111111111111 , 2.2   , 0.800000000000001   , 0.4   , -2.0205  , -0.905133036584554  , 0.404787799696774 , 0.894427190999916   , 0.447213595499958    , 6.1e-05  , 6.1e-05  , 0.84  , 0.11  , NGC 6681   , 9     , 0.551504539141414
283.267916666667 , -8.70611111111111  , 0.003348  , -0.004388 , 0.006  , -107.45 , 0.000144927536231884 , 3.5   , -1.7                , 3     , -0.5205  , -0.143379408405765  , 0.988798290925747 , -0.49301257198088   , 0.870022185848612    , 6.2e-05  , 6.2e-05  , 0.29  , 0.175 , NGC 6712   , 6.9   , -0.0857229865424427
283.76375        , -30.4798611111111  , -0.00272  , -0.001351 , 0.009  , 143.06  , 3.77358490566038e-05 , 18.9  , 17.6                , 2.5   , -6.5205  , -0.343283137907231  , 0.938835553072867 , 0.990061687405807   , 0.140633762415598    , 5.8e-05  , 5.7e-05  , 0.56  , 0.945 , NGC 6715   , 26.5  , 0.993770170460218
283.775          , -22.7014722222222  , -0.003105 , -0.004954 , 0.022  , 32.45   , 0.000140845070422535 , 2.4   , -1.2                , 1.6   , -1.3205  , -0.542433761675985  , 0.834513479501515 , -0.6                , 0.8                  , 6.4e-05  , 6.4e-05  , 1.44  , 0.12  , NGC 6717   , 7.1   , -0.229765852406103
284.887916666667 , -36.63225          , 0.001025  , -0.002442 , 0.004  , -94.18  , 0.000114942528735632 , 2.6   , 0.300000000000001   , 0     , -2.6205  , -0.985738488887314  , 0.113739056410075 , 1                   , 0                    , 5.8e-05  , 5.7e-05  , 0.26  , 0.13  , NGC 6723   , 8.7   , 0.407815644341291
286.31375        , 1.90083333333333   , -0.002869 , -0.005989 , 0.011  , -58.44  , 0.000126582278481013 , 5     , -1.6                , 4.7   , -0.3205  , -0.060298955304919  , 0.997922914345442 , -0.322263797804304  , 0.946649906050144    , 6.1e-05  , 6.1e-05  , 0.96  , 0.25  , NGC 6749   , 7.9   , 0.296323794303798
287.717083333333 , -59.9845555555556  , -0.003171 , -0.004055 , 0.004  , -26.28  , 0.00025              , 5.2   , -4.7                , -1.4  , -1.7205  , -0.327103855084386  , 0.943613795343932 , -0.958385683586268  , -0.285476586600165   , 4.3e-05  , 4.3e-05  , 0.16  , 0.26  , NGC 6752   , 4     , -0.503856256009615
287.8            , 1.03047222222222   , -0.00113  , -0.003564 , 0.009  , -0.42   , 0.000135135135135135 , 4.8   , -2.1                , 4.3   , -0.5205  , -0.103871968739607  , 0.99413668452055  , -0.438835298505001  , 0.898567515986432    , 6e-05    , 6e-05    , 1.63  , 0.24  , NGC 6760   , 7.4   , 0.194250841075451
289.147916666667 , 30.1834722222222   , -0.002015 , 0.001643  , 0.004  , -136.97 , 0.000106382978723404 , 9.2   , -3.7                , 8.3   , 1.3795   , 0.152315226269767   , 0.988673112783692 , -0.407159230394715  , 0.913357192507063    , 5.9e-05  , 5.9e-05  , 0.45  , 0.46  , NGC 6779   , 9.4   , 0.630201085511101
289.50875        , 18.5716666666667   , -0.004252 , -0.006931 , 0.005  , -31.7   , 0.000169491525423729 , 6.4   , -4.4                , 4.7   , 0.2795   , 0.0465532620522141  , 0.999058986742874 , -0.683424288081133  , 0.73002139863212     , 6.4e-05  , 6.3e-05  , 0.23  , 0.32  , Pal 10     , 5.9   , 0.155847189486229
292.18375        , -30.3556388888889  , -0.002381 , -0.00151  , 0.013  , 123.01  , 3.4965034965035e-05  , 21.4  , 18.4                , 4     , -10.2205 , -0.476085571987313  , 0.878880275380976 , 0.977176363922801   , 0.212429644331044    , 6.7e-05  , 6.6e-05  , 0.33  , 1.07  , Arp 2      , 28.6  , 0.990065665438534
294.99875        , -30.96475          , -0.003421 , -0.00927  , 0.010  , 174.4   , 0.000185185185185185 , 3.9   , -3.1                , 0.8   , -2.1205  , -0.546857935988901  , 0.833714120086436 , -0.968277323709357  , 0.24987801902177     , 5e-05    , 5e-05    , 0.24  , 0.195 , NGC 6809   , 5.4   , -0.466059360161443
296.31           , -8.00722222222222  , -0.001821 , -0.004934 , 0.027  , -67.64  , 7.46268656716418e-05 , 8.2   , 3                   , 6.8   , -3.6205  , -0.435451239455116  , 0.899008639295883 , 0.403640206576294   , 0.914917801572932    , 6.6e-05  , 6.4e-05  , 0.76  , 0.41  , Pal 11     , 13.4  , 0.831814614807063
298.443333333333 , 18.7791944444444   , -0.003412 , -0.002609 , 0.005  , -22.27  , 0.00025              , 6.7   , -5.8                , 3.4   , -0.3205  , -0.0445716913530691 , 0.998865647106819 , -0.862697970097658  , 0.50571949971242     , 5.4e-05  , 5.4e-05  , 0.19  , 0.335 , NGC 6838   , 4     , -0.0580302285447759
301.519166666667 , -21.9211666666667  , -0.00056  , -0.002795 , 0.009  , -189.08 , 4.78468899521531e-05 , 14.7  , 9.6                 , 6.5   , -9.1205  , -0.616905174672412  , 0.785946187139169 , 0.828047866431646   , 0.560657409563094    , 6.2e-05  , 6.1e-05  , 1.12  , 0.735 , NGC 6864   , 20.9  , 0.958401815822022
308.547083333333 , 7.40447222222222   , -0.002632 , -0.004665 , 0.009  , -406.22 , 6.41025641025641e-05 , 12.8  , 1.1                 , 11.7  , -5.1205  , -0.397855711418413  , 0.916752831803295 , 0.0936043099201439  , 0.995609478241531    , 6e-05    , 6e-05    , 0.73  , 0.64  , NGC 6934   , 15.6  , 0.859373947691306
313.365416666667 , -12.5373055555556  , -0.001231 , -0.003292 , 0.016  , -331.39 , 5.88235294117647e-05 , 12.9  , 3.7                 , 8.3   , -9.2205  , -0.710646961531005  , 0.701945695875086 , 0.407159230394715   , 0.913357192507063    , 6.2e-05  , 6e-05    , 1.47  , 0.645 , NGC 6981   , 17    , 0.892406702576379
315.372083333333 , 16.1873333333333   , -0.000102 , -0.000569 , -0.013 , -383.47 , 2.42718446601942e-05 , 38.5  , 9.2                 , 34.8  , -13.7205 , -0.355642414006593  , 0.934419428737534 , 0.25558711146795    , 0.966786030335291    , 6.7e-05  , 6.8e-05  , 0.73  , 1.925 , NGC 7006   , 41.2  , 0.982123811546463
322.492916666667 , 12.167             , -0.000635 , -0.003769 , 0.001  , -106.76 , 9.61538461538461e-05 , 10.4  , -4.1                , 8.3   , -4.8205  , -0.459889075069477  , 0.886956388904532 , -0.442887523222738  , 0.896577181158225    , 5.1e-05  , 5.1e-05  , 0.25  , 0.52  , NGC 7078   , 10.4  , 0.704140069110577
323.3625         , 0.82325            , 0.003518  , -0.002151 , 0.013  , -3.72   , 8.69565217391305e-05 , 10.4  , -2.4                , 7.5   , -6.7205  , -0.64718406121012   , 0.760648259645303 , -0.304775727103784  , 0.952424147199324    , 5.4e-05  , 5.4e-05  , 0.34  , 0.52  , NGC 7089   , 11.5  , 0.737498243102007
325.092083333333 , -23.1798611111111  , -0.000693 , -0.007272 , 0.031  , -185.19 , 0.000123456790123457 , 7.1   , -3.1                , 2.5   , -5.9205  , -0.826876342700574  , 0.558136142660575 , -0.778413039475329  , 0.627752451189782    , 5.5e-05  , 5.5e-05  , 0.17  , 0.355 , NGC 7099   , 8.1   , 0.452265516866632
346.685          , 12.772             , 0.001615  , 0.000142  , 0.016  , 25.87   , 3.84615384615385e-05 , 26.9  , -7                  , 19.1  , -17.6205 , -0.65396697552982   , 0.755863963590997 , -0.344110202575977  , 0.938929267028736    , 0.000101 , 8.9e-05  , 0.27  , 1.345 , Pal 13     , 26    , 0.954825264333715
347.110833333333 , -15.6115           , 0.000799  , -0.002273 , 0.009  , -176.7  , 3.80228136882129e-05 , 25.3  , -1                  , 9.4   , -23.5205 , -0.927056737848218  , 0.372915154447718 , -0.105786054593523  , 0.994388913179112    , 6.5e-05  , 6.4e-05  , 0.27  , 1.265 , NGC 7492   , 26.3  , 0.952659026848916
272.402083333333 , -20.7788888888889  ,           ,           ,        , -238    , 0.000204081632653061 , 3.2   , -3.1                , 0.8   , -0.1205  , -0.0312126521280495 , 0.999292446778368 , -0.968277323709357  , 0.24987801902177     ,          ,          , 36    , 0.16  , 2MS-GC02   , 4.9   , -0.948674115114795
268.613333333333 , -24.1452777777778  ,           ,           ,        , 57      , 0.000128205128205128 , 0.7   , -0.2                , 0.7   , 0.0795   , 0.136548804586841   , 0.994090302642094 , -0.274721127897378  , 0.961523947640823    ,          ,          , 6     , 0.035 , UKS 1      , 7.8   , -0.244543978937728
263.352083333333 , -33.389            ,           ,           ,        , 52      , 0.000121951219512195 , 0.8   , 0.199999999999999   , -0.7  , -0.0205  , 0                   , 0.999603773353655 , 0.274721127897377   , -0.961523947640823   ,          ,          , 15    , 0.04  , Liller 1   , 8.2   , 0.295699676067074
119.570833333333 , 26.255             ,           ,           ,        ,         , 2.88184438040346e-05 , 41.9  , -38.2               , -8.2  , 14.9795  , 0.358479954952659   , 0.933725407568947 , -0.977727439508165  , -0.209878665025313   ,          ,          ,       , 2.095 , Ko 2       , 34.7  , 0.995818086066729
179.827083333333 , 12.26              ,           ,           ,        ,         , 2.0703933747412e-05  , 49.3  , -10.5               , -15.7 , 45.5795  , 0.924238305845826   , 0.382820358463544 , -0.555921403463208  , -0.831234860416415   ,          ,          ,       , 2.465 , Ko 1       , 48.3  , 0.986771231978548
209.090416666667 , -27.1675           ,           ,           ,        ,         , 3.1055900621118e-05  , 27.8  , 12.7                , -17.2 , 17.7795  , 0.640121879973551   , 0.768887023779258 , 0.593996463284362   , -0.804467651062285   ,          ,          ,       , 1.39  , AM 4       , 32.2  , 0.975065675270343
272.090833333333 , -19.8297222222222  ,           ,           ,        ,         , 0.000277777777777778 , 4.5   , -4.5                , 0.7   , -0.0205  , 0                   , 0.999989868765344 , -0.988116468954883  , 0.153707006281871    ,          ,          ,       , 0.225 , 2MS-GC01   , 3.6   , -0.950321612654321
274.627083333333 , -16.9772222222222  ,           ,           ,        ,         , 0.000181818181818182 , 3     , -2.6                , 1.4   , -0.1205  , -0.0338361134140567 , 0.999168455209075 , -0.880471099922175  , 0.474099823035018    ,          ,          ,       , 0.15  , GLIMPSE02  , 5.5   , -0.750012734848485
282.207083333333 , -1.49722222222222  ,           ,           ,        ,         , 0.000238095238095238 , 4.9   , -4.4                , 2.2   , -0.0205  , 0                   , 0.999991317261847 , -0.894427190999916  , 0.447213595499958    ,          ,          ,       , 0.245 , GLIMPSE01  , 4.2   , -0.543013125607385
